State,County,Number of Mines
Alabama,Autauga,5
Alabama,Baldwin,3
Alabama,Barbour,6
Alabama,Bibb,6
Alabama,Blount,9
Alabama,Calhoun,2
Alabama,Cherokee,2
Alabama,Chilton,2
Alabama,Clarke,5
Alabama,Colbert,5
Alabama,Conecuh,1
Alabama,Coosa,1
Alabama,Covington,1
Alabama,Cullman,1
Alabama,Dale,1
Alabama,Dallas,4
Alabama,De Kalb,1
Alabama,Elmore,4
Alabama,Escambia,5
Alabama,Etowah,4
Alabama,Fayette,4
Alabama,Franklin,6
Alabama,Geneva,1
Alabama,Hale,2
Alabama,Jackson,5
Alabama,Jefferson,24
Alabama,Lamar,1
Alabama,Lawrence,2
Alabama,Lee,3
Alabama,Limestone,1
Alabama,Lowndes,1
Alabama,Macon,2
Alabama,Madison,3
Alabama,Marengo,2
Alabama,Marion,3
Alabama,Marshall,2
Alabama,Mobile,6
Alabama,Monroe,4
Alabama,Montgomery,5
Alabama,Morgan,4
Alabama,Pickens,1
Alabama,Randolph,2
Alabama,Russell,4
Alabama,Shelby,18
Alabama,St Clair,5
Alabama,Sumter,1
Alabama,Talladega,6
Alabama,Tuscaloosa,16
Alabama,Walker,14
Alabama,Winston,2
Alaska,Aleutians East,2
Alaska,Aleutians West,1
Alaska,Anchorage,13
Alaska,Bethel,3
Alaska,Denali,4
Alaska,Dillingham,1
Alaska,Fairbanks North Star,39
Alaska,Haines,3
Alaska,Juneau,6
Alaska,Kenai Peninsula,8
Alaska,Ketchikan Gateway,3
Alaska,Kodiak Island,5
Alaska,Matanuska-Susitna,19
Alaska,Nome,10
Alaska,Northwest Arctic,5
Alaska,Petersburg Census Area,2
Alaska,Prince of Wales-Hyder Census Area,1
Alaska,Sitka,4
Alaska,Skagway Municipality,1
Alaska,Skagway-Hoonah-Angoon,2
Alaska,Southeast Fairbanks,7
Alaska,Valdez-Cordova,5
Alaska,Wade Hampton,1
Alaska,Yukon-Koyukuk,14
Arizona,Apache,11
Arizona,Cochise,22
Arizona,Coconino,25
Arizona,Gila,18
Arizona,Graham,3
Arizona,Greenlee,4
Arizona,La Paz,6
Arizona,Maricopa,63
Arizona,Mohave,29
Arizona,Navajo,12
Arizona,Pima,27
Arizona,Pinal,33
Arizona,Santa Cruz,5
Arizona,Yavapai,29
Arizona,Yuma,9
Arkansas,Baxter,4
Arkansas,Benton,4
Arkansas,Boone,1
Arkansas,Bradley,1
Arkansas,Calhoun,1
Arkansas,Carroll,2
Arkansas,Cleburne,3
Arkansas,Conway,4
Arkansas,Craighead,3
Arkansas,Crawford,2
Arkansas,Cross,2
Arkansas,Faulkner,2
Arkansas,Franklin,5
Arkansas,Fulton,1
Arkansas,Garland,9
Arkansas,Grant,5
Arkansas,Greene,2
Arkansas,Hot Spring,6
Arkansas,Howard,2
Arkansas,Independence,12
Arkansas,Izard,4
Arkansas,Jackson,2
Arkansas,Johnson,6
Arkansas,Lawrence,3
Arkansas,Lincoln,1
Arkansas,Little River,2
Arkansas,Logan,6
Arkansas,Lonoke,1
Arkansas,Marion,2
Arkansas,Miller,3
Arkansas,Montgomery,7
Arkansas,Newton,1
Arkansas,Ouachita,3
Arkansas,Perry,1
Arkansas,Pike,3
Arkansas,Poinsett,2
Arkansas,Polk,2
Arkansas,Pope,3
Arkansas,Pulaski,12
Arkansas,Randolph,1
Arkansas,Saline,11
Arkansas,Scott,1
Arkansas,Searcy,1
Arkansas,Sebastian,8
Arkansas,Sevier,3
Arkansas,Sharp,1
Arkansas,Stone,3
Arkansas,Van Buren,3
Arkansas,Washington,9
Arkansas,White,5
California,Alameda,5
California,Alpine,1
California,Amador,11
California,Butte,7
California,Calaveras,6
California,Colusa,1
California,Contra Costa,6
California,Del Norte,4
California,El Dorado,5
California,Fresno,9
California,Glenn,5
California,Humboldt,21
California,Imperial,10
California,Inyo,8
California,Kern,17
California,Lake,8
California,Lassen,5
California,Los Angeles,21
California,Madera,1
California,Marin,2
California,Mariposa,6
California,Mendocino,10
California,Merced,7
California,Modoc,6
California,Mono,2
California,Monterey,7
California,Napa,2
California,Nevada,5
California,Orange,2
California,Placer,5
California,Plumas,8
California,Riverside,50
California,Sacramento,6
California,San Benito,8
California,San Bernardino,49
California,San Diego,23
California,San Francisco,1
California,San Joaquin,13
California,San Luis Obispo,11
California,San Mateo,3
California,Santa Barbara,14
California,Santa Clara,7
California,Santa Cruz,4
California,Shasta,16
California,Sierra,2
California,Siskiyou,8
California,Solano,3
California,Sonoma,8
California,Stanislaus,9
California,Sutter,2
California,Tehama,7
California,Trinity,3
California,Tulare,8
California,Tuolumne,4
California,Ventura,12
California,Yolo,6
California,Yuba,10
Colorado,Adams,7
Colorado,Alamosa,4
Colorado,Arapahoe,1
Colorado,Archuleta,4
Colorado,Baca,5
Colorado,Bent,1
Colorado,Boulder,8
Colorado,Chaffee,9
Colorado,Clear Creek,3
Colorado,Conejos,4
Colorado,Crowley,1
Colorado,Custer,1
Colorado,Delta,6
Colorado,Denver,2
Colorado,Douglas,4
Colorado,Eagle,2
Colorado,El Paso,10
Colorado,Elbert,1
Colorado,Fremont,24
Colorado,Garfield,13
Colorado,Gilpin,1
Colorado,Grand,8
Colorado,Gunnison,7
Colorado,Hinsdale,1
Colorado,Huerfano,2
Colorado,Jefferson,12
Colorado,La Plata,15
Colorado,Lake,5
Colorado,Larimer,28
Colorado,Las Animas,8
Colorado,Logan,2
Colorado,Mesa,22
Colorado,Mineral,2
Colorado,Moffat,12
Colorado,Montezuma,11
Colorado,Montrose,8
Colorado,Morgan,1
Colorado,Otero,1
Colorado,Ouray,4
Colorado,Park,7
Colorado,Pitkin,1
Colorado,Prowers,7
Colorado,Pueblo,14
Colorado,Rio Blanco,7
Colorado,Rio Grande,2
Colorado,Routt,10
Colorado,Saguache,2
Colorado,San Miguel,1
Colorado,Summit,5
Colorado,Teller,7
Colorado,Weld,34
Connecticut,Fairfield,8
Connecticut,Hartford,14
Connecticut,Litchfield,14
Connecticut,Middlesex,4
Connecticut,New Haven,16
Connecticut,New London,15
Connecticut,Tolland,12
Connecticut,Windham,19
Delaware,Kent,4
Delaware,New Castle,2
Delaware,Sussex,4
Florida,Alachua,5
Florida,Bay,1
Florida,Brevard,2
Florida,Calhoun,2
Florida,Charlotte,11
Florida,Citrus,6
Florida,Clay,2
Florida,Collier,7
Florida,Dixie,1
Florida,Escambia,2
Florida,Gadsden,4
Florida,Gilchrist,1
Florida,Glades,5
Florida,Gulf,1
Florida,Hamilton,1
Florida,Hardee,1
Florida,Hernando,6
Florida,Hillsborough,2
Florida,Holmes,1
Florida,Indian River,5
Florida,Jackson,4
Florida,Jefferson,1
Florida,Lafayette,2
Florida,Lake,5
Florida,Lee,5
Florida,Leon,1
Florida,Levy,2
Florida,Liberty,1
Florida,Manatee,1
Florida,Marion,9
Florida,Martin,1
Florida,Miami-Dade,12
Florida,Okeechobee,1
Florida,Orange,1
Florida,Osceola,1
Florida,Palm Beach,4
Florida,Pasco,2
Florida,Polk,15
Florida,Putnam,3
Florida,Santa Rosa,4
Florida,Sarasota,1
Florida,St Johns,2
Florida,St Lucie,3
Florida,Sumter,6
Florida,Suwannee,6
Florida,Taylor,3
Florida,Volusia,1
Florida,Walton,3
Florida,Washington,2
Georgia,Baldwin,2
Georgia,Barrow,1
Georgia,Bartow,3
Georgia,Berrien,1
Georgia,Bibb,1
Georgia,Calhoun,1
Georgia,Carroll,1
Georgia,Catoosa,1
Georgia,Charlton,1
Georgia,Chattooga,1
Georgia,Cherokee,2
Georgia,Clarke,1
Georgia,Clayton,3
Georgia,Cobb,1
Georgia,Columbia,3
Georgia,Cook,1
Georgia,Coweta,1
Georgia,Crawford,1
Georgia,De Kalb,5
Georgia,Decatur,3
Georgia,Douglas,2
Georgia,Echols,1
Georgia,Effingham,4
Georgia,Elbert,14
Georgia,Evans,1
Georgia,Fayette,2
Georgia,Floyd,4
Georgia,Forsyth,2
Georgia,Fulton,5
Georgia,Gilmer,3
Georgia,Glascock,1
Georgia,Glynn,1
Georgia,Gordon,2
Georgia,Greene,3
Georgia,Gwinnett,3
Georgia,Habersham,1
Georgia,Hall,2
Georgia,Hancock,2
Georgia,Harris,1
Georgia,Hart,1
Georgia,Henry,1
Georgia,Houston,1
Georgia,Jackson,3
Georgia,Jasper,1
Georgia,Jefferson,4
Georgia,Jones,2
Georgia,Lanier,1
Georgia,Lee,1
Georgia,Liberty,2
Georgia,Long,2
Georgia,Lumpkin,1
Georgia,Macon,2
Georgia,Madison,2
Georgia,Marion,1
Georgia,McDuffie,1
Georgia,Monroe,2
Georgia,Montgomery,1
Georgia,Morgan,1
Georgia,Murray,3
Georgia,Muscogee,2
Georgia,Newton,2
Georgia,Oglethorpe,15
Georgia,Paulding,3
Georgia,Peach,1
Georgia,Pickens,7
Georgia,Polk,3
Georgia,Rabun,1
Georgia,Richmond,4
Georgia,Rockdale,1
Georgia,Spalding,1
Georgia,Stephens,1
Georgia,Sumter,2
Georgia,Talbot,3
Georgia,Taylor,3
Georgia,Thomas,1
Georgia,Toombs,1
Georgia,Towns,2
Georgia,Troup,1
Georgia,Twiggs,1
Georgia,Union,1
Georgia,Walton,1
Georgia,Warren,3
Georgia,Washington,10
Georgia,White,1
Georgia,Whitfield,2
Georgia,Wilkes,2
Georgia,Wilkinson,12
Hawaii,Hawaii,31
Hawaii,Honolulu,5
Hawaii,Kauai,3
Hawaii,Maui,4
Idaho,Ada,18
Idaho,Adams,3
Idaho,Bannock,4
Idaho,Bear Lake,3
Idaho,Benewah,5
Idaho,Bingham,6
Idaho,Blaine,3
Idaho,Boise,4
Idaho,Bonner,15
Idaho,Bonneville,8
Idaho,Boundary,3
Idaho,Canyon,13
Idaho,Caribou,7
Idaho,Cassia,11
Idaho,Clark,1
Idaho,Clearwater,1
Idaho,Custer,2
Idaho,Elmore,4
Idaho,Franklin,5
Idaho,Fremont,7
Idaho,Gem,4
Idaho,Gooding,2
Idaho,Idaho,9
Idaho,Jefferson,4
Idaho,Kootenai,7
Idaho,Latah,2
Idaho,Lemhi,6
Idaho,Madison,6
Idaho,Minidoka,7
Idaho,Nez Perce,9
Idaho,Oneida,2
Idaho,Owyhee,7
Idaho,Payette,5
Idaho,Power,2
Idaho,Shoshone,7
Idaho,Teton,3
Idaho,Twin Falls,5
Idaho,Valley,6
Idaho,Washington,2
Illinois,Adams,4
Illinois,Alexander,3
Illinois,Bond,1
Illinois,Boone,4
Illinois,Bureau,2
Illinois,Carroll,5
Illinois,Champaign,3
Illinois,Christian,1
Illinois,Clark,4
Illinois,Clinton,1
Illinois,Coles,2
Illinois,Cook,9
Illinois,Crawford,1
Illinois,Cumberland,3
Illinois,De Kalb,2
Illinois,Douglas,1
Illinois,Fayette,2
Illinois,Ford,1
Illinois,Franklin,3
Illinois,Fulton,4
Illinois,Gallatin,2
Illinois,Greene,1
Illinois,Grundy,5
Illinois,Hamilton,2
Illinois,Hancock,2
Illinois,Hardin,7
Illinois,Henderson,1
Illinois,Henry,1
Illinois,Iroquois,1
Illinois,Jackson,4
Illinois,Jefferson,1
Illinois,Jersey,1
Illinois,Jo Daviess,10
Illinois,Johnson,2
Illinois,Kane,8
Illinois,Kankakee,3
Illinois,Kendall,3
Illinois,La Salle,14
Illinois,Lake,2
Illinois,Lawrence,1
Illinois,Lee,5
Illinois,Livingston,6
Illinois,Macon,2
Illinois,Macoupin,2
Illinois,Madison,4
Illinois,Marshall,3
Illinois,Mason,1
Illinois,Massac,1
Illinois,McDonough,2
Illinois,McHenry,11
Illinois,McLean,3
Illinois,Menard,1
Illinois,Monroe,1
Illinois,Montgomery,3
Illinois,Ogle,10
Illinois,Peoria,3
Illinois,Perry,6
Illinois,Pike,5
Illinois,Pulaski,1
Illinois,Putnam,1
Illinois,Randolph,6
Illinois,Rock Island,5
Illinois,Saline,8
Illinois,Sangamon,4
Illinois,Scott,1
Illinois,Shelby,3
Illinois,St Clair,4
Illinois,Stephenson,7
Illinois,Tazewell,7
Illinois,Union,2
Illinois,Vermilion,3
Illinois,Wabash,1
Illinois,Warren,2
Illinois,Washington,1
Illinois,White,2
Illinois,Whiteside,5
Illinois,Will,12
Illinois,Williamson,1
Illinois,Winnebago,15
Illinois,Woodford,3
Indiana,Adams,3
Indiana,Allen,5
Indiana,Bartholomew,3
Indiana,Blackford,1
Indiana,Boone,1
Indiana,Carroll,2
Indiana,Cass,3
Indiana,Clark,6
Indiana,Clay,3
Indiana,Crawford,5
Indiana,Daviess,3
Indiana,De Kalb,6
Indiana,Dearborn,1
Indiana,Decatur,2
Indiana,Delaware,3
Indiana,Dubois,2
Indiana,Elkhart,8
Indiana,Fayette,1
Indiana,Floyd,1
Indiana,Franklin,5
Indiana,Fulton,1
Indiana,Gibson,8
Indiana,Grant,5
Indiana,Greene,2
Indiana,Hamilton,10
Indiana,Harrison,7
Indiana,Henry,1
Indiana,Howard,3
Indiana,Huntington,3
Indiana,Jackson,2
Indiana,Jasper,2
Indiana,Jay,1
Indiana,Jennings,1
Indiana,Johnson,2
Indiana,Knox,11
Indiana,Kosciusko,4
Indiana,La Grange,1
Indiana,La Porte,2
Indiana,Lake,3
Indiana,Lawrence,10
Indiana,Madison,5
Indiana,Marion,8
Indiana,Marshall,2
Indiana,Martin,3
Indiana,Miami,3
Indiana,Monroe,10
Indiana,Montgomery,1
Indiana,Morgan,9
Indiana,Newton,1
Indiana,Noble,6
Indiana,Orange,3
Indiana,Owen,1
Indiana,Parke,3
Indiana,Pike,12
Indiana,Porter,1
Indiana,Posey,3
Indiana,Pulaski,2
Indiana,Putnam,8
Indiana,Randolph,2
Indiana,Ripley,5
Indiana,Rush,2
Indiana,Scott,1
Indiana,Shelby,5
Indiana,Spencer,1
Indiana,St Joseph,2
Indiana,Steuben,9
Indiana,Sullivan,5
Indiana,Switzerland,1
Indiana,Tippecanoe,3
Indiana,Vanderburgh,2
Indiana,Vermillion,3
Indiana,Vigo,5
Indiana,Wabash,4
Indiana,Warren,2
Indiana,Warrick,5
Indiana,Washington,1
Indiana,Wayne,4
Indiana,Wells,3
Indiana,White,2
Indiana,Whitley,1
Iowa,Adair,16
Iowa,Allamakee,3
Iowa,Appanoose,7
Iowa,Benton,7
Iowa,Black Hawk,9
Iowa,Boone,1
Iowa,Bremer,1
Iowa,Buchanan,1
Iowa,Buena Vista,2
Iowa,Butler,3
Iowa,Calhoun,1
Iowa,Carroll,4
Iowa,Cass,1
Iowa,Cerro Gordo,4
Iowa,Cherokee,2
Iowa,Chickasaw,6
Iowa,Clay,4
Iowa,Clayton,7
Iowa,Clinton,12
Iowa,Crawford,1
Iowa,Dallas,2
Iowa,Davis,1
Iowa,Delaware,6
Iowa,Des Moines,6
Iowa,Dickinson,5
Iowa,Dubuque,6
Iowa,Emmet,2
Iowa,Fayette,9
Iowa,Floyd,5
Iowa,Greene,2
Iowa,Guthrie,1
Iowa,Hamilton,1
Iowa,Hardin,9
Iowa,Henry,3
Iowa,Humboldt,1
Iowa,Iowa,1
Iowa,Jackson,7
Iowa,Jasper,2
Iowa,Jefferson,2
Iowa,Johnson,3
Iowa,Jones,3
Iowa,Keokuk,2
Iowa,Kossuth,4
Iowa,Lee,4
Iowa,Linn,8
Iowa,Louisa,2
Iowa,Lyon,3
Iowa,Madison,1
Iowa,Marion,3
Iowa,Marshall,2
Iowa,Mitchell,13
Iowa,Montgomery,1
Iowa,Muscatine,5
Iowa,Osceola,3
Iowa,Palo Alto,1
Iowa,Plymouth,4
Iowa,Pocahontas,2
Iowa,Polk,25
Iowa,Pottawattamie,2
Iowa,Poweshiek,1
Iowa,Sac,4
Iowa,Scott,5
Iowa,Sioux,7
Iowa,Story,2
Iowa,Tama,1
Iowa,Van Buren,5
Iowa,Wapello,5
Iowa,Washington,1
Iowa,Webster,11
Iowa,Winneshiek,20
Iowa,Woodbury,2
Iowa,Worth,2
Iowa,Wright,2
Kansas,Allen,7
Kansas,Anderson,2
Kansas,Atchison,3
Kansas,Barber,3
Kansas,Barton,7
Kansas,Bourbon,5
Kansas,Butler,4
Kansas,Chase,4
Kansas,Cherokee,2
Kansas,Clay,1
Kansas,Cloud,3
Kansas,Cowley,8
Kansas,Crawford,7
Kansas,Dickinson,2
Kansas,Doniphan,2
Kansas,Douglas,5
Kansas,Edwards,3
Kansas,Elk,1
Kansas,Ellis,4
Kansas,Ellsworth,1
Kansas,Finney,6
Kansas,Ford,5
Kansas,Franklin,2
Kansas,Geary,1
Kansas,Grant,1
Kansas,Gray,1
Kansas,Hamilton,5
Kansas,Jefferson,6
Kansas,Jewell,1
Kansas,Johnson,8
Kansas,Kearny,3
Kansas,Kiowa,1
Kansas,Labette,1
Kansas,Lincoln,1
Kansas,Linn,4
Kansas,Lyon,3
Kansas,Marion,2
Kansas,Marshall,6
Kansas,McPherson,2
Kansas,Miami,1
Kansas,Montgomery,2
Kansas,Morris,1
Kansas,Nemaha,1
Kansas,Neosho,3
Kansas,Norton,1
Kansas,Osage,2
Kansas,Pawnee,1
Kansas,Phillips,1
Kansas,Pottawatomie,3
Kansas,Pratt,2
Kansas,Reno,6
Kansas,Rice,3
Kansas,Riley,5
Kansas,Saline,4
Kansas,Sedgwick,11
Kansas,Seward,1
Kansas,Shawnee,3
Kansas,Sherman,1
Kansas,Smith,1
Kansas,Stafford,1
Kansas,Stanton,2
Kansas,Sumner,2
Kansas,Thomas,2
Kansas,Wabaunsee,10
Kansas,Washington,3
Kansas,Wilson,4
Kansas,Wyandotte,3
Kentucky,Adair,2
Kentucky,Allen,1
Kentucky,Anderson,1
Kentucky,Barren,2
Kentucky,Bell,25
Kentucky,Boone,3
Kentucky,Bourbon,1
Kentucky,Boyd,7
Kentucky,Boyle,1
Kentucky,Breathitt,9
Kentucky,Breckinridge,2
Kentucky,Bullitt,4
Kentucky,Butler,1
Kentucky,Caldwell,2
Kentucky,Calloway,1
Kentucky,Carlisle,1
Kentucky,Carroll,1
Kentucky,Carter,4
Kentucky,Casey,1
Kentucky,Christian,2
Kentucky,Clay,12
Kentucky,Clinton,2
Kentucky,Crittenden,2
Kentucky,Cumberland,1
Kentucky,Daviess,4
Kentucky,Elliott,1
Kentucky,Estill,2
Kentucky,Fayette,2
Kentucky,Fleming,1
Kentucky,Floyd,30
Kentucky,Franklin,2
Kentucky,Gallatin,3
Kentucky,Garrard,1
Kentucky,Graves,2
Kentucky,Grayson,2
Kentucky,Green,1
Kentucky,Hancock,1
Kentucky,Hardin,4
Kentucky,Harlan,57
Kentucky,Hart,3
Kentucky,Henderson,4
Kentucky,Henry,1
Kentucky,Hickman,1
Kentucky,Hopkins,8
Kentucky,Jackson,1
Kentucky,Jefferson,5
Kentucky,Jessamine,1
Kentucky,Johnson,8
Kentucky,Knott,15
Kentucky,Knox,12
Kentucky,Laurel,4
Kentucky,Lawrence,12
Kentucky,Leslie,14
Kentucky,Letcher,34
Kentucky,Lewis,1
Kentucky,Livingston,12
Kentucky,Logan,2
Kentucky,Lyon,1
Kentucky,Madison,1
Kentucky,Magoffin,8
Kentucky,Marion,1
Kentucky,Marshall,2
Kentucky,Martin,16
Kentucky,Mason,2
Kentucky,McCreary,1
Kentucky,McLean,2
Kentucky,Meade,4
Kentucky,Menifee,1
Kentucky,Mercer,1
Kentucky,Monroe,1
Kentucky,Montgomery,1
Kentucky,Morgan,1
Kentucky,Muhlenberg,7
Kentucky,Nelson,1
Kentucky,Ohio,10
Kentucky,Oldham,2
Kentucky,Pendleton,3
Kentucky,Perry,33
Kentucky,Pike,99
Kentucky,Powell,2
Kentucky,Pulaski,4
Kentucky,Rockcastle,3
Kentucky,Scott,1
Kentucky,Simpson,1
Kentucky,Todd,1
Kentucky,Trigg,1
Kentucky,Union,5
Kentucky,Warren,2
Kentucky,Wayne,1
Kentucky,Webster,5
Kentucky,Whitley,11
Louisiana,Allen,1
Louisiana,Ascension,1
Louisiana,Assumption,1
Louisiana,Beauregard,1
Louisiana,Caddo,1
Louisiana,Calcasieu,2
Louisiana,De Soto,1
Louisiana,East Baton Rouge,2
Louisiana,East Feliciana,5
Louisiana,Grant,2
Louisiana,Iberia,4
Louisiana,Jefferson,11
Louisiana,Jefferson Davis,2
Louisiana,La Salle,2
Louisiana,Lafayette,1
Louisiana,Lafourche,1
Louisiana,Livingston,8
Louisiana,Morehouse,1
Louisiana,Natchitoches,1
Louisiana,Orleans,1
Louisiana,Ouachita,1
Louisiana,Plaquemines,2
Louisiana,Pointe Coupee,1
Louisiana,Rapides,2
Louisiana,St Bernard,3
Louisiana,St Charles,5
Louisiana,St Helena,14
Louisiana,St James,4
Louisiana,St John the Baptist,1
Louisiana,St Martin,1
Louisiana,St Mary,1
Louisiana,St Tammany,9
Louisiana,Tangipahoa,14
Louisiana,Terrebonne,1
Louisiana,Vermilion,1
Louisiana,Washington,21
Louisiana,Webster,1
Louisiana,West Baton Rouge,3
Louisiana,West Feliciana,1
Louisiana,Winn,1
Maine,Androscoggin,16
Maine,Aroostook,14
Maine,Cumberland,35
Maine,Franklin,10
Maine,Hancock,21
Maine,Kennebec,14
Maine,Knox,12
Maine,Lincoln,3
Maine,Oxford,7
Maine,Penobscot,29
Maine,Piscataquis,4
Maine,Sagadahoc,5
Maine,Somerset,4
Maine,Waldo,7
Maine,Washington,8
Maine,York,34
Maryland,Allegany,15
Maryland,Anne Arundel,3
Maryland,Baltimore,8
Maryland,Carroll,2
Maryland,Cecil,7
Maryland,Charles,3
Maryland,Dorchester,2
Maryland,Frederick,5
Maryland,Garrett,19
Maryland,Harford,2
Maryland,Howard,3
Maryland,Kent,1
Maryland,Montgomery,2
Maryland,Prince Georges,4
Maryland,Queen Annes,2
Maryland,St Marys,3
Maryland,Talbot,1
Maryland,Washington,5
Maryland,Wicomico,2
Maryland,Worcester,1
Massachusetts,Barnstable,12
Massachusetts,Berkshire,19
Massachusetts,Bristol,10
Massachusetts,Dukes,1
Massachusetts,Essex,5
Massachusetts,Franklin,6
Massachusetts,Hampden,10
Massachusetts,Hampshire,12
Massachusetts,Middlesex,16
Massachusetts,Norfolk,10
Massachusetts,Plymouth,29
Massachusetts,Suffolk,1
Massachusetts,Worcester,35
Michigan,Alger,1
Michigan,Allegan,17
Michigan,Alpena,7
Michigan,Antrim,3
Michigan,Arenac,1
Michigan,Baraga,3
Michigan,Barry,4
Michigan,Benzie,2
Michigan,Berrien,5
Michigan,Branch,2
Michigan,Calhoun,2
Michigan,Cass,4
Michigan,Charlevoix,8
Michigan,Cheboygan,5
Michigan,Chippewa,9
Michigan,Clare,5
Michigan,Clinton,10
Michigan,Crawford,2
Michigan,Delta,6
Michigan,Dickinson,3
Michigan,Eaton,10
Michigan,Emmet,8
Michigan,Genesee,1
Michigan,Gladwin,4
Michigan,Gogebic,3
Michigan,Grand Traverse,10
Michigan,Gratiot,2
Michigan,Hillsdale,9
Michigan,Houghton,5
Michigan,Huron,6
Michigan,Ingham,3
Michigan,Ionia,8
Michigan,Iosco,5
Michigan,Iron,2
Michigan,Isabella,4
Michigan,Jackson,14
Michigan,Kalamazoo,12
Michigan,Kent,18
Michigan,Keweenaw,1
Michigan,Lapeer,16
Michigan,Leelanau,6
Michigan,Lenawee,4
Michigan,Livingston,9
Michigan,Mackinac,4
Michigan,Macomb,5
Michigan,Manistee,1
Michigan,Marquette,15
Michigan,Mason,2
Michigan,Mecosta,3
Michigan,Menominee,4
Michigan,Missaukee,1
Michigan,Monroe,8
Michigan,Montcalm,10
Michigan,Montmorency,2
Michigan,Muskegon,2
Michigan,Newaygo,2
Michigan,Oakland,14
Michigan,Oceana,2
Michigan,Ogemaw,3
Michigan,Ontonagon,1
Michigan,Osceola,2
Michigan,Oscoda,1
Michigan,Ottawa,7
Michigan,Presque Isle,3
Michigan,Roscommon,12
Michigan,Sanilac,7
Michigan,Schoolcraft,5
Michigan,Shiawassee,8
Michigan,St Clair,2
Michigan,St Joseph,3
Michigan,Tuscola,5
Michigan,Washtenaw,10
Michigan,Wayne,4
Michigan,Wexford,1
Minnesota,Aitkin,1
Minnesota,Becker,6
Minnesota,Beltrami,16
Minnesota,Benton,20
Minnesota,Big Stone,4
Minnesota,Blue Earth,13
Minnesota,Brown,6
Minnesota,Carlton,6
Minnesota,Carver,3
Minnesota,Cass,4
Minnesota,Chippewa,4
Minnesota,Chisago,5
Minnesota,Clay,17
Minnesota,Cook,5
Minnesota,Cottonwood,2
Minnesota,Crow Wing,9
Minnesota,Dakota,19
Minnesota,Dodge,1
Minnesota,Douglas,16
Minnesota,Fillmore,1
Minnesota,Freeborn,2
Minnesota,Goodhue,3
Minnesota,Grant,1
Minnesota,Hennepin,19
Minnesota,Houston,9
Minnesota,Hubbard,7
Minnesota,Isanti,2
Minnesota,Itasca,15
Minnesota,Jackson,1
Minnesota,Kanabec,6
Minnesota,Kandiyohi,16
Minnesota,Kittson,2
Minnesota,Koochiching,1
Minnesota,Lac qui Parle,2
Minnesota,Lake,3
Minnesota,Lake of the Woods,5
Minnesota,Le Sueur,11
Minnesota,Lincoln,4
Minnesota,Lyon,9
Minnesota,Mahnomen,1
Minnesota,Marshall,7
Minnesota,McLeod,4
Minnesota,Meeker,5
Minnesota,Mille Lacs,5
Minnesota,Morrison,16
Minnesota,Mower,1
Minnesota,Murray,5
Minnesota,Nicollet,2
Minnesota,Nobles,1
Minnesota,Olmsted,19
Minnesota,Otter Tail,10
Minnesota,Pennington,6
Minnesota,Pine,5
Minnesota,Pipestone,5
Minnesota,Polk,7
Minnesota,Pope,5
Minnesota,Redwood,5
Minnesota,Renville,3
Minnesota,Rice,8
Minnesota,Rock,6
Minnesota,Roseau,1
Minnesota,Scott,6
Minnesota,Sherburne,8
Minnesota,Sibley,3
Minnesota,St Louis,66
Minnesota,Stearns,25
Minnesota,Steele,8
Minnesota,Stevens,4
Minnesota,Swift,5
Minnesota,Todd,7
Minnesota,Wabasha,4
Minnesota,Wadena,5
Minnesota,Waseca,1
Minnesota,Washington,7
Minnesota,Watonwan,3
Minnesota,Wilkin,1
Minnesota,Winona,10
Minnesota,Wright,9
Minnesota,Yellow Medicine,2
Mississippi,Adams,1
Mississippi,Bolivar,1
Mississippi,Carroll,1
Mississippi,Choctaw,1
Mississippi,Clarke,3
Mississippi,Clay,2
Mississippi,Coahoma,1
Mississippi,Copiah,10
Mississippi,Covington,1
Mississippi,De Soto,4
Mississippi,Forrest,3
Mississippi,Franklin,1
Mississippi,Hancock,2
Mississippi,Harrison,2
Mississippi,Hinds,1
Mississippi,Holmes,1
Mississippi,Itawamba,3
Mississippi,Jasper,1
Mississippi,Kemper,1
Mississippi,Lafayette,1
Mississippi,Lamar,2
Mississippi,Lauderdale,1
Mississippi,Lincoln,2
Mississippi,Lowndes,4
Mississippi,Marion,2
Mississippi,Marshall,1
Mississippi,Monroe,5
Mississippi,Noxubee,1
Mississippi,Panola,3
Mississippi,Pearl River,8
Mississippi,Perry,1
Mississippi,Pike,1
Mississippi,Stone,4
Mississippi,Tate,1
Mississippi,Tippah,3
Mississippi,Walthall,1
Mississippi,Yalobusha,1
Mississippi,Yazoo,2
Missouri,Adair,1
Missouri,Andrew,3
Missouri,Barry,3
Missouri,Barton,1
Missouri,Bates,3
Missouri,Benton,6
Missouri,Bollinger,2
Missouri,Boone,3
Missouri,Buchanan,2
Missouri,Butler,2
Missouri,Caldwell,2
Missouri,Callaway,11
Missouri,Camden,5
Missouri,Cape Girardeau,8
Missouri,Carter,2
Missouri,Cass,3
Missouri,Christian,3
Missouri,Clark,3
Missouri,Clay,4
Missouri,Cole,5
Missouri,Cooper,2
Missouri,Crawford,3
Missouri,Dade,1
Missouri,Dallas,3
Missouri,Daviess,2
Missouri,De Kalb,1
Missouri,Dent,2
Missouri,Douglas,1
Missouri,Franklin,5
Missouri,Gasconade,5
Missouri,Gentry,3
Missouri,Greene,5
Missouri,Harrison,2
Missouri,Henry,1
Missouri,Hickory,1
Missouri,Holt,1
Missouri,Howard,1
Missouri,Howell,4
Missouri,Iron,7
Missouri,Jackson,11
Missouri,Jasper,5
Missouri,Jefferson,13
Missouri,Johnson,3
Missouri,Knox,2
Missouri,Laclede,1
Missouri,Lafayette,1
Missouri,Lawrence,1
Missouri,Lincoln,11
Missouri,Livingston,1
Missouri,Marion,2
Missouri,McDonald,2
Missouri,Mercer,1
Missouri,Miller,4
Missouri,Monroe,1
Missouri,Montgomery,9
Missouri,Morgan,6
Missouri,Newton,6
Missouri,Nodaway,1
Missouri,Oregon,2
Missouri,Osage,4
Missouri,Ozark,1
Missouri,Perry,3
Missouri,Pettis,3
Missouri,Phelps,5
Missouri,Pike,4
Missouri,Platte,4
Missouri,Polk,2
Missouri,Pulaski,4
Missouri,Ralls,3
Missouri,Randolph,1
Missouri,Ray,2
Missouri,Reynolds,8
Missouri,Ripley,1
Missouri,Saline,2
Missouri,Scott,2
Missouri,Shannon,2
Missouri,Shelby,2
Missouri,St Charles,4
Missouri,St Francois,8
Missouri,St Louis,15
Missouri,Ste. Genevieve,13
Missouri,Stoddard,3
Missouri,Stone,1
Missouri,Sullivan,1
Missouri,Taney,10
Missouri,Texas,4
Missouri,Vernon,1
Missouri,Warren,2
Missouri,Washington,5
Missouri,Wayne,3
Missouri,Webster,2
Missouri,Wright,4
Montana,Beaverhead,7
Montana,Big Horn,4
Montana,Broadwater,5
Montana,Carbon,1
Montana,Cascade,9
Montana,Chouteau,1
Montana,Custer,3
Montana,Dawson,4
Montana,Deer Lodge,1
Montana,Fallon,6
Montana,Fergus,5
Montana,Flathead,35
Montana,Gallatin,13
Montana,Glacier,1
Montana,Golden Valley,4
Montana,Granite,3
Montana,Hill,5
Montana,Jefferson,9
Montana,Judith Basin,3
Montana,Lake,7
Montana,Lewis and Clark,9
Montana,Liberty,1
Montana,Lincoln,16
Montana,Madison,14
Montana,Meagher,3
Montana,Mineral,3
Montana,Missoula,10
Montana,Musselshell,1
Montana,Park,4
Montana,Phillips,1
Montana,Pondera,1
Montana,Powder River,3
Montana,Powell,4
Montana,Ravalli,7
Montana,Richland,10
Montana,Roosevelt,2
Montana,Rosebud,4
Montana,Sanders,22
Montana,Sheridan,4
Montana,Silver Bow,10
Montana,Stillwater,3
Montana,Sweet Grass,3
Montana,Toole,2
Montana,Valley,3
Montana,Wheatland,5
Montana,Yellowstone,14
Nebraska,Adams,7
Nebraska,Antelope,2
Nebraska,Boyd,1
Nebraska,Brown,2
Nebraska,Buffalo,11
Nebraska,Butler,3
Nebraska,Cass,7
Nebraska,Cedar,1
Nebraska,Cheyenne,1
Nebraska,Clay,1
Nebraska,Colfax,3
Nebraska,Cuming,2
Nebraska,Custer,3
Nebraska,Dawes,1
Nebraska,Dawson,6
Nebraska,Deuel,1
Nebraska,Dixon,1
Nebraska,Dodge,2
Nebraska,Douglas,8
Nebraska,Dundy,1
Nebraska,Franklin,3
Nebraska,Gage,2
Nebraska,Garden,1
Nebraska,Garfield,3
Nebraska,Hall,6
Nebraska,Hamilton,1
Nebraska,Hitchcock,1
Nebraska,Holt,9
Nebraska,Howard,2
Nebraska,Jefferson,7
Nebraska,Keith,5
Nebraska,Kimball,2
Nebraska,Knox,2
Nebraska,Lincoln,5
Nebraska,Madison,2
Nebraska,Merrick,3
Nebraska,Morrill,1
Nebraska,Nance,2
Nebraska,Nuckolls,2
Nebraska,Pawnee,1
Nebraska,Phelps,2
Nebraska,Pierce,2
Nebraska,Platte,4
Nebraska,Polk,1
Nebraska,Red Willow,4
Nebraska,Richardson,1
Nebraska,Sarpy,2
Nebraska,Saunders,4
Nebraska,Scotts Bluff,5
Nebraska,Sheridan,2
Nebraska,Sioux,1
Nebraska,Stanton,2
Nebraska,Thayer,2
Nebraska,Thomas,2
Nebraska,Valley,1
Nebraska,Washington,1
Nebraska,Webster,1
Nebraska,York,1
Nevada,Carson City,3
Nevada,Churchill,9
Nevada,Clark,42
Nevada,Douglas,2
Nevada,Elko,29
Nevada,Esmeralda,5
Nevada,Eureka,23
Nevada,Humboldt,19
Nevada,Lander,14
Nevada,Lincoln,2
Nevada,Lyon,13
Nevada,Mineral,7
Nevada,Nye,22
Nevada,Pershing,13
Nevada,Storey,7
Nevada,Washoe,13
Nevada,White Pine,11
New Hampshire,Belknap,8
New Hampshire,Carroll,8
New Hampshire,Cheshire,8
New Hampshire,Coos,10
New Hampshire,Grafton,19
New Hampshire,Hillsborough,21
New Hampshire,Merrimack,27
New Hampshire,Rockingham,17
New Hampshire,Strafford,5
New Hampshire,Sullivan,9
New Jersey,Atlantic,2
New Jersey,Burlington,2
New Jersey,Camden,3
New Jersey,Cape May,7
New Jersey,Cumberland,9
New Jersey,Gloucester,3
New Jersey,Hunterdon,3
New Jersey,Mercer,2
New Jersey,Middlesex,1
New Jersey,Monmouth,2
New Jersey,Morris,4
New Jersey,Ocean,10
New Jersey,Passaic,3
New Jersey,Somerset,4
New Jersey,Sussex,17
New Jersey,Warren,7
New Mexico,Bernalillo,8
New Mexico,Chaves,8
New Mexico,Cibola,1
New Mexico,Colfax,3
New Mexico,Curry,3
New Mexico,De Baca,1
New Mexico,Dona Ana,15
New Mexico,Eddy,12
New Mexico,Grant,11
New Mexico,Guadalupe,3
New Mexico,Hidalgo,1
New Mexico,Lea,4
New Mexico,Lincoln,3
New Mexico,Los Alamos,1
New Mexico,Luna,5
New Mexico,McKinley,8
New Mexico,Mora,1
New Mexico,Otero,10
New Mexico,Quay,2
New Mexico,Rio Arriba,9
New Mexico,Roosevelt,3
New Mexico,San Juan,8
New Mexico,San Miguel,5
New Mexico,Sandoval,12
New Mexico,Santa Fe,8
New Mexico,Sierra,4
New Mexico,Socorro,4
New Mexico,Taos,11
New Mexico,Torrance,3
New Mexico,Union,4
New Mexico,Valencia,10
New York,Albany,12
New York,Allegany,11
New York,Broome,20
New York,Cattaraugus,19
New York,Cayuga,4
New York,Chautauqua,8
New York,Chemung,8
New York,Chenango,13
New York,Clinton,18
New York,Columbia,10
New York,Cortland,6
New York,Delaware,26
New York,Dutchess,17
New York,Erie,8
New York,Essex,16
New York,Franklin,9
New York,Fulton,12
New York,Genesee,7
New York,Greene,6
New York,Hamilton,3
New York,Herkimer,7
New York,Jefferson,20
New York,Lewis,9
New York,Livingston,6
New York,Madison,4
New York,Monroe,4
New York,Montgomery,6
New York,New York,1
New York,Niagara,2
New York,Oneida,18
New York,Onondaga,13
New York,Ontario,14
New York,Orange,11
New York,Orleans,4
New York,Oswego,12
New York,Otsego,11
New York,Putnam,1
New York,Rensselaer,14
New York,Rockland,2
New York,Saratoga,20
New York,Schenectady,3
New York,Schoharie,10
New York,Schuyler,3
New York,Seneca,1
New York,St Lawrence,21
New York,Steuben,23
New York,Suffolk,17
New York,Sullivan,8
New York,Tioga,12
New York,Tompkins,14
New York,Ulster,10
New York,Warren,11
New York,Washington,30
New York,Wayne,8
New York,Wyoming,4
New York,Yates,3
North Carolina,Alamance,2
North Carolina,Alexander,1
North Carolina,Alleghany,1
North Carolina,Anson,4
North Carolina,Ashe,3
North Carolina,Avery,1
North Carolina,Beaufort,2
North Carolina,Bertie,3
North Carolina,Buncombe,4
North Carolina,Burke,2
North Carolina,Cabarrus,4
North Carolina,Caldwell,3
North Carolina,Camden,1
North Carolina,Caswell,1
North Carolina,Catawba,2
North Carolina,Chatham,6
North Carolina,Cherokee,2
North Carolina,Clay,1
North Carolina,Cleveland,6
North Carolina,Columbus,1
North Carolina,Craven,6
North Carolina,Cumberland,4
North Carolina,Currituck,3
North Carolina,Davidson,3
North Carolina,Davie,4
North Carolina,Duplin,2
North Carolina,Durham,2
North Carolina,Edgecombe,3
North Carolina,Forsyth,4
North Carolina,Franklin,2
North Carolina,Gaston,1
North Carolina,Graham,1
North Carolina,Granville,1
North Carolina,Greene,1
North Carolina,Guilford,5
North Carolina,Halifax,1
North Carolina,Harnett,7
North Carolina,Haywood,1
North Carolina,Henderson,4
North Carolina,Hertford,2
North Carolina,Hoke,2
North Carolina,Iredell,2
North Carolina,Jackson,1
North Carolina,Johnston,6
North Carolina,Lee,5
North Carolina,Lenoir,5
North Carolina,Lincoln,2
North Carolina,Macon,2
North Carolina,Madison,1
North Carolina,McDowell,13
North Carolina,Mecklenburg,7
North Carolina,Mitchell,9
North Carolina,Montgomery,5
North Carolina,Moore,4
North Carolina,Nash,1
North Carolina,New Hanover,3
North Carolina,Northampton,4
North Carolina,Onslow,3
North Carolina,Orange,2
North Carolina,Pasquotank,1
North Carolina,Pender,2
North Carolina,Person,1
North Carolina,Pitt,7
North Carolina,Polk,1
North Carolina,Randolph,2
North Carolina,Richmond,8
North Carolina,Robeson,2
North Carolina,Rockingham,2
North Carolina,Rowan,10
North Carolina,Rutherford,4
North Carolina,Sampson,2
North Carolina,Scotland,1
North Carolina,Stanly,3
North Carolina,Stokes,2
North Carolina,Surry,6
North Carolina,Swain,1
North Carolina,Transylvania,2
North Carolina,Union,2
North Carolina,Vance,2
North Carolina,Wake,8
North Carolina,Watauga,3
North Carolina,Wayne,2
North Carolina,Wilkes,6
North Carolina,Wilson,2
North Carolina,Yadkin,1
North Carolina,Yancey,2
North Dakota,Barnes,2
North Dakota,Benson,2
North Dakota,Bottineau,9
North Dakota,Bowman,7
North Dakota,Burke,4
North Dakota,Burleigh,7
North Dakota,Cass,3
North Dakota,Cavalier,6
North Dakota,Divide,6
North Dakota,Dunn,6
North Dakota,Eddy,5
North Dakota,Foster,2
North Dakota,Golden Valley,2
North Dakota,Grand Forks,13
North Dakota,Grant,1
North Dakota,Griggs,2
North Dakota,Kidder,1
North Dakota,La Moure,2
North Dakota,McHenry,3
North Dakota,McKenzie,16
North Dakota,McLean,1
North Dakota,Mercer,4
North Dakota,Morton,1
North Dakota,Mountrail,9
North Dakota,Oliver,2
North Dakota,Pembina,3
North Dakota,Ramsey,2
North Dakota,Ransom,8
North Dakota,Renville,2
North Dakota,Richland,4
North Dakota,Rolette,3
North Dakota,Sargent,1
North Dakota,Stark,27
North Dakota,Stutsman,5
North Dakota,Towner,1
North Dakota,Traill,2
North Dakota,Walsh,7
North Dakota,Ward,22
North Dakota,Wells,7
North Dakota,Williams,25
Ohio,Adams,1
Ohio,Allen,2
Ohio,Ashland,1
Ohio,Ashtabula,4
Ohio,Athens,4
Ohio,Auglaize,3
Ohio,Belmont,11
Ohio,Brown,2
Ohio,Butler,10
Ohio,Carroll,3
Ohio,Champaign,2
Ohio,Clark,5
Ohio,Clermont,1
Ohio,Clinton,2
Ohio,Columbiana,8
Ohio,Coshocton,6
Ohio,Crawford,1
Ohio,Cuyahoga,3
Ohio,Darke,2
Ohio,Delaware,1
Ohio,Erie,5
Ohio,Fairfield,1
Ohio,Franklin,6
Ohio,Gallia,1
Ohio,Geauga,3
Ohio,Greene,6
Ohio,Guernsey,3
Ohio,Hamilton,11
Ohio,Hancock,1
Ohio,Hardin,1
Ohio,Harrison,15
Ohio,Highland,4
Ohio,Hocking,4
Ohio,Holmes,9
Ohio,Jackson,6
Ohio,Jefferson,10
Ohio,Knox,5
Ohio,Lake,3
Ohio,Licking,5
Ohio,Logan,3
Ohio,Lorain,1
Ohio,Lucas,3
Ohio,Madison,1
Ohio,Mahoning,5
Ohio,Marion,3
Ohio,Medina,3
Ohio,Meigs,6
Ohio,Mercer,1
Ohio,Miami,6
Ohio,Monroe,2
Ohio,Montgomery,6
Ohio,Morrow,1
Ohio,Muskingum,7
Ohio,Noble,4
Ohio,Ottawa,5
Ohio,Paulding,3
Ohio,Perry,5
Ohio,Pickaway,5
Ohio,Pike,6
Ohio,Portage,13
Ohio,Preble,4
Ohio,Putnam,2
Ohio,Richland,3
Ohio,Ross,7
Ohio,Sandusky,5
Ohio,Scioto,3
Ohio,Seneca,6
Ohio,Shelby,2
Ohio,Stark,16
Ohio,Tuscarawas,19
Ohio,Union,2
Ohio,Van Wert,2
Ohio,Vinton,3
Ohio,Warren,6
Ohio,Washington,5
Ohio,Wayne,5
Ohio,Williams,3
Ohio,Wood,6
Ohio,Wyandot,6
Oklahoma,Adair,1
Oklahoma,Atoka,3
Oklahoma,Beaver,2
Oklahoma,Blaine,3
Oklahoma,Bryan,2
Oklahoma,Caddo,4
Oklahoma,Canadian,3
Oklahoma,Carter,1
Oklahoma,Cherokee,2
Oklahoma,Choctaw,3
Oklahoma,Cimarron,3
Oklahoma,Comanche,1
Oklahoma,Cotton,1
Oklahoma,Craig,4
Oklahoma,Creek,2
Oklahoma,Delaware,2
Oklahoma,Dewey,1
Oklahoma,Grant,1
Oklahoma,Greer,3
Oklahoma,Harmon,1
Oklahoma,Harper,2
Oklahoma,Haskell,36
Oklahoma,Jackson,2
Oklahoma,Johnston,10
Oklahoma,Kay,6
Oklahoma,Kingfisher,4
Oklahoma,Kiowa,7
Oklahoma,Latimer,3
Oklahoma,Le Flore,28
Oklahoma,Logan,2
Oklahoma,Love,2
Oklahoma,Major,1
Oklahoma,Marshall,1
Oklahoma,Mayes,3
Oklahoma,McCurtain,3
Oklahoma,McIntosh,3
Oklahoma,Murray,4
Oklahoma,Muskogee,3
Oklahoma,Nowata,4
Oklahoma,Oklahoma,8
Oklahoma,Okmulgee,1
Oklahoma,Osage,2
Oklahoma,Ottawa,5
Oklahoma,Pawnee,2
Oklahoma,Payne,3
Oklahoma,Pittsburg,5
Oklahoma,Pontotoc,5
Oklahoma,Pottawatomie,3
Oklahoma,Pushmataha,1
Oklahoma,Rogers,5
Oklahoma,Seminole,3
Oklahoma,Sequoyah,5
Oklahoma,Texas,1
Oklahoma,Tillman,1
Oklahoma,Tulsa,13
Oklahoma,Wagoner,4
Oklahoma,Washington,2
Oklahoma,Woods,1
Oklahoma,Woodward,2
Oregon,Baker,11
Oregon,Benton,6
Oregon,Clackamas,10
Oregon,Clatsop,3
Oregon,Columbia,8
Oregon,Coos,16
Oregon,Crook,9
Oregon,Curry,9
Oregon,Deschutes,17
Oregon,Douglas,10
Oregon,Gilliam,1
Oregon,Grant,1
Oregon,Harney,3
Oregon,Hood River,1
Oregon,Jackson,18
Oregon,Jefferson,3
Oregon,Josephine,5
Oregon,Klamath,6
Oregon,Lake,5
Oregon,Lane,18
Oregon,Lincoln,6
Oregon,Linn,15
Oregon,Malheur,7
Oregon,Marion,13
Oregon,Morrow,4
Oregon,Multnomah,8
Oregon,Polk,6
Oregon,Sherman,1
Oregon,Tillamook,8
Oregon,Umatilla,9
Oregon,Union,2
Oregon,Wallowa,2
Oregon,Wasco,4
Oregon,Washington,6
Oregon,Wheeler,1
Oregon,Yamhill,9
Pennsylvania,Adams,4
Pennsylvania,Allegheny,5
Pennsylvania,Armstrong,26
Pennsylvania,Beaver,5
Pennsylvania,Bedford,3
Pennsylvania,Berks,15
Pennsylvania,Blair,5
Pennsylvania,Bradford,51
Pennsylvania,Bucks,16
Pennsylvania,Butler,11
Pennsylvania,Cambria,21
Pennsylvania,Carbon,2
Pennsylvania,Centre,11
Pennsylvania,Chester,9
Pennsylvania,Clarion,9
Pennsylvania,Clearfield,56
Pennsylvania,Clinton,3
Pennsylvania,Columbia,6
Pennsylvania,Crawford,10
Pennsylvania,Cumberland,9
Pennsylvania,Dauphin,8
Pennsylvania,Delaware,3
Pennsylvania,Elk,9
Pennsylvania,Erie,13
Pennsylvania,Fayette,15
Pennsylvania,Franklin,5
Pennsylvania,Fulton,1
Pennsylvania,Greene,9
Pennsylvania,Huntingdon,5
Pennsylvania,Indiana,41
Pennsylvania,Jefferson,14
Pennsylvania,Juniata,2
Pennsylvania,Lackawanna,8
Pennsylvania,Lancaster,15
Pennsylvania,Lawrence,10
Pennsylvania,Lebanon,3
Pennsylvania,Lehigh,5
Pennsylvania,Luzerne,38
Pennsylvania,Lycoming,9
Pennsylvania,McKean,4
Pennsylvania,Mercer,7
Pennsylvania,Mifflin,2
Pennsylvania,Monroe,9
Pennsylvania,Montgomery,9
Pennsylvania,Montour,1
Pennsylvania,Northampton,15
Pennsylvania,Northumberland,36
Pennsylvania,Perry,1
Pennsylvania,Pike,6
Pennsylvania,Potter,6
Pennsylvania,Schuylkill,86
Pennsylvania,Snyder,2
Pennsylvania,Somerset,44
Pennsylvania,Sullivan,2
Pennsylvania,Susquehanna,88
Pennsylvania,Tioga,9
Pennsylvania,Union,2
Pennsylvania,Venango,6
Pennsylvania,Warren,5
Pennsylvania,Washington,13
Pennsylvania,Wayne,15
Pennsylvania,Westmoreland,13
Pennsylvania,Wyoming,17
Pennsylvania,York,9
Puerto Rico,Aguadilla,9
Puerto Rico,Arecibo,3
Puerto Rico,Bayamon,10
Puerto Rico,Fajardo,3
Puerto Rico,Guayama,6
Puerto Rico,Humacao Municipio,7
Puerto Rico,Manati,16
Puerto Rico,Mayaguez,4
Puerto Rico,Ponce,12
Puerto Rico,Quebradillas,1
Puerto Rico,Santa Isabel,6
Puerto Rico,Vega Baja,1
Puerto Rico,Yauco,2
Rhode Island,Bristol,2
Rhode Island,Kent,4
Rhode Island,Newport,2
Rhode Island,Providence,13
Rhode Island,Washington,12
South Carolina,Abbeville,1
South Carolina,Aiken,7
South Carolina,Anderson,3
South Carolina,Bamberg,1
South Carolina,Berkeley,2
South Carolina,Calhoun,1
South Carolina,Cherokee,6
South Carolina,Chesterfield,8
South Carolina,Colleton,1
South Carolina,Dorchester,5
South Carolina,Edgefield,2
South Carolina,Fairfield,2
South Carolina,Florence,3
South Carolina,Greenville,4
South Carolina,Greenwood,1
South Carolina,Horry,5
South Carolina,Jasper,1
South Carolina,Kershaw,7
South Carolina,Lancaster,2
South Carolina,Laurens,3
South Carolina,Lexington,12
South Carolina,Marion,4
South Carolina,Marlboro,2
South Carolina,Oconee,1
South Carolina,Orangeburg,2
South Carolina,Pickens,1
South Carolina,Richland,5
South Carolina,Spartanburg,6
South Carolina,Sumter,1
South Carolina,Union,2
South Carolina,York,2
South Dakota,Aurora,2
South Dakota,Beadle,1
South Dakota,Bon Homme,1
South Dakota,Brookings,6
South Dakota,Brown,5
South Dakota,Brule,4
South Dakota,Butte,4
South Dakota,Campbell,2
South Dakota,Charles Mix,7
South Dakota,Clark,1
South Dakota,Clay,1
South Dakota,Codington,5
South Dakota,Custer,9
South Dakota,Davison,1
South Dakota,Day,2
South Dakota,Douglas,3
South Dakota,Edmunds,2
South Dakota,Fall River,3
South Dakota,Grant,10
South Dakota,Gregory,2
South Dakota,Haakon,1
South Dakota,Hand,1
South Dakota,Hanson,1
South Dakota,Hughes,3
South Dakota,Hutchinson,1
South Dakota,Jerauld,1
South Dakota,Kingsbury,2
South Dakota,Lake,4
South Dakota,Lawrence,8
South Dakota,Marshall,5
South Dakota,McCook,2
South Dakota,McPherson,4
South Dakota,Meade,2
South Dakota,Mellette,1
South Dakota,Miner,2
South Dakota,Minnehaha,16
South Dakota,Moody,2
South Dakota,Pennington,19
South Dakota,Roberts,4
South Dakota,Spink,4
South Dakota,Stanley,3
South Dakota,Todd,1
South Dakota,Tripp,1
South Dakota,Turner,4
South Dakota,Walworth,2
South Dakota,Yankton,2
Tennessee,Anderson,4
Tennessee,Bedford,3
Tennessee,Benton,6
Tennessee,Bledsoe,8
Tennessee,Blount,4
Tennessee,Bradley,1
Tennessee,Campbell,13
Tennessee,Cannon,3
Tennessee,Carter,1
Tennessee,Claiborne,8
Tennessee,Cocke,4
Tennessee,Coffee,1
Tennessee,Cumberland,23
Tennessee,Davidson,5
Tennessee,De Kalb,2
Tennessee,Decatur,2
Tennessee,Dickson,2
Tennessee,Dyer,1
Tennessee,Fentress,3
Tennessee,Franklin,5
Tennessee,Giles,1
Tennessee,Grainger,3
Tennessee,Greene,2
Tennessee,Grundy,1
Tennessee,Hamblen,1
Tennessee,Hamilton,4
Tennessee,Hardeman,1
Tennessee,Hardin,4
Tennessee,Hawkins,2
Tennessee,Henry,3
Tennessee,Hickman,1
Tennessee,Humphreys,1
Tennessee,Jackson,1
Tennessee,Jefferson,7
Tennessee,Johnson,4
Tennessee,Knox,8
Tennessee,Lawrence,2
Tennessee,Lincoln,3
Tennessee,Loudon,2
Tennessee,Madison,4
Tennessee,Marion,10
Tennessee,Marshall,3
Tennessee,Maury,2
Tennessee,McMinn,3
Tennessee,McNairy,2
Tennessee,Meigs,1
Tennessee,Monroe,2
Tennessee,Montgomery,2
Tennessee,Morgan,1
Tennessee,Obion,1
Tennessee,Overton,6
Tennessee,Perry,3
Tennessee,Polk,2
Tennessee,Putnam,8
Tennessee,Rhea,5
Tennessee,Roane,1
Tennessee,Robertson,3
Tennessee,Rutherford,4
Tennessee,Scott,1
Tennessee,Sequatchie,4
Tennessee,Sevier,3
Tennessee,Shelby,7
Tennessee,Smith,3
Tennessee,Sullivan,3
Tennessee,Sumner,2
Tennessee,Tipton,3
Tennessee,Unicoi,1
Tennessee,Union,3
Tennessee,Van Buren,2
Tennessee,Warren,1
Tennessee,Washington,1
Tennessee,Wayne,2
Tennessee,Weakley,5
Tennessee,White,3
Tennessee,Williamson,2
Tennessee,Wilson,2
Texas,Andrews,2
Texas,Atascosa,9
Texas,Austin,2
Texas,Bailey,2
Texas,Bandera,2
Texas,Bastrop,4
Texas,Bee,6
Texas,Bell,10
Texas,Bexar,15
Texas,Blanco,2
Texas,Borden,1
Texas,Bosque,6
Texas,Brazos,1
Texas,Brewster,5
Texas,Brown,2
Texas,Burnet,19
Texas,Calhoun,1
Texas,Cameron,2
Texas,Cass,1
Texas,Castro,1
Texas,Cherokee,1
Texas,Coke,2
Texas,Colorado,14
Texas,Comal,11
Texas,Comanche,1
Texas,Cooke,4
Texas,Coryell,1
Texas,Crosby,1
Texas,Culberson,4
Texas,Dallam,2
Texas,Deaf Smith,2
Texas,Denton,3
Texas,Donley,1
Texas,Duval,3
Texas,Eastland,1
Texas,Ector,4
Texas,El Paso,25
Texas,Ellis,6
Texas,Erath,2
Texas,Falls,3
Texas,Fannin,5
Texas,Fayette,9
Texas,Fisher,1
Texas,Floyd,2
Texas,Foard,2
Texas,Fort Bend,2
Texas,Freestone,1
Texas,Frio,10
Texas,Gaines,2
Texas,Galveston,1
Texas,Garza,1
Texas,Gillespie,7
Texas,Glasscock,6
Texas,Gonzales,6
Texas,Gray,1
Texas,Grayson,2
Texas,Gregg,1
Texas,Grimes,1
Texas,Guadalupe,2
Texas,Hardeman,1
Texas,Harris,9
Texas,Harrison,3
Texas,Hartley,1
Texas,Haskell,4
Texas,Hays,4
Texas,Henderson,2
Texas,Hidalgo,9
Texas,Hill,3
Texas,Hockley,2
Texas,Hood,13
Texas,Hopkins,1
Texas,Houston,1
Texas,Howard,5
Texas,Hudspeth,6
Texas,Hutchinson,2
Texas,Irion,1
Texas,Jack,4
Texas,Johnson,4
Texas,Jones,5
Texas,Karnes,5
Texas,Kaufman,5
Texas,Kendall,4
Texas,Kerr,7
Texas,Kimble,3
Texas,La Salle,4
Texas,Lamb,1
Texas,Lampasas,6
Texas,Lee,1
Texas,Leon,2
Texas,Liberty,8
Texas,Limestone,13
Texas,Live Oak,2
Texas,Llano,5
Texas,Lubbock,4
Texas,Marion,2
Texas,Martin,1
Texas,Mason,1
Texas,Maverick,4
Texas,McCulloch,7
Texas,McLennan,7
Texas,McMullen,4
Texas,Medina,13
Texas,Midland,8
Texas,Milam,5
Texas,Mills,3
Texas,Mitchell,2
Texas,Montague,3
Texas,Montgomery,11
Texas,Moore,5
Texas,Morris,2
Texas,Motley,1
Texas,Navarro,6
Texas,Newton,1
Texas,Nolan,11
Texas,Nueces,6
Texas,Ochiltree,1
Texas,Oldham,4
Texas,Orange,1
Texas,Palo Pinto,8
Texas,Panola,2
Texas,Parker,5
Texas,Parmer,3
Texas,Pecos,3
Texas,Potter,9
Texas,Presidio,3
Texas,Randall,2
Texas,Reagan,1
Texas,Reeves,2
Texas,Roberts,1
Texas,Robertson,1
Texas,Rusk,3
Texas,Sabine,6
Texas,San Augustine,1
Texas,San Jacinto,1
Texas,San Patricio,3
Texas,San Saba,19
Texas,Scurry,1
Texas,Shackelford,12
Texas,Sherman,1
Texas,Smith,2
Texas,Somervell,3
Texas,Starr,6
Texas,Stephens,2
Texas,Stonewall,1
Texas,Sutton,1
Texas,Swisher,1
Texas,Tarrant,7
Texas,Taylor,2
Texas,Titus,1
Texas,Tom Green,2
Texas,Travis,7
Texas,Upton,1
Texas,Uvalde,15
Texas,Val Verde,5
Texas,Van Zandt,1
Texas,Victoria,5
Texas,Ward,4
Texas,Washington,1
Texas,Webb,6
Texas,Wheeler,3
Texas,Wichita,1
Texas,Wilbarger,1
Texas,Williamson,27
Texas,Wilson,2
Texas,Wise,10
Texas,Wood,1
Texas,Young,2
Texas,Zapata,3
Texas,Zavala,1
Utah,Beaver,5
Utah,Box Elder,22
Utah,Cache,6
Utah,Carbon,15
Utah,Davis,2
Utah,Duchesne,8
Utah,Emery,20
Utah,Garfield,3
Utah,Grand,3
Utah,Iron,9
Utah,Juab,9
Utah,Kane,4
Utah,Millard,10
Utah,Morgan,3
Utah,Salt Lake,40
Utah,San Juan,8
Utah,Sanpete,11
Utah,Sevier,10
Utah,Summit,8
Utah,Tooele,6
Utah,Uintah,13
Utah,Utah,21
Utah,Wasatch,4
Utah,Washington,23
Utah,Wayne,5
Utah,Weber,5
Vermont,Addison,10
Vermont,Bennington,7
Vermont,Caledonia,18
Vermont,Chittenden,8
Vermont,Essex,2
Vermont,Franklin,7
Vermont,Lamoille,15
Vermont,Orange,6
Vermont,Orleans,5
Vermont,Rutland,55
Vermont,Washington,22
Vermont,Windham,26
Vermont,Windsor,19
Virgin Islands of the U.S.,St. Croix,2
Virgin Islands of the U.S.,St. Thomas,1
Virginia,Albemarle,4
Virginia,Alleghany,1
Virginia,Amelia,1
Virginia,Appomattox,1
Virginia,Augusta,6
Virginia,Bedford,2
Virginia,Bland,1
Virginia,Botetourt,5
Virginia,Brunswick,2
Virginia,Buchanan,40
Virginia,Buckingham,4
Virginia,Campbell,1
Virginia,Caroline,2
Virginia,Carroll,1
Virginia,Charles City,2
Virginia,Charlotte,2
Virginia,Chesapeake City,1
Virginia,Chesterfield,2
Virginia,Clarke,1
Virginia,Craig,1
Virginia,Culpeper,4
Virginia,Dickenson,21
Virginia,Dinwiddie,1
Virginia,Fairfax,2
Virginia,Fauquier,2
Virginia,Floyd,1
Virginia,Franklin,1
Virginia,Frederick,6
Virginia,Giles,1
Virginia,Gloucester,1
Virginia,Goochland,5
Virginia,Grayson,2
Virginia,Greene,1
Virginia,Greensville,2
Virginia,Halifax,3
Virginia,Hanover,3
Virginia,Henrico,3
Virginia,Henry,1
Virginia,Highland,1
Virginia,Isle of Wight,2
Virginia,King and Queen,3
Virginia,King George,3
Virginia,King William,2
Virginia,Lee,8
Virginia,Loudoun,5
Virginia,Louisa,1
Virginia,Mecklenburg,1
Virginia,Montgomery,5
Virginia,Nelson,2
Virginia,Northampton,1
Virginia,Norton City,1
Virginia,Nottoway,1
Virginia,Pittsylvania,1
Virginia,Powhatan,1
Virginia,Prince George,1
Virginia,Prince William,1
Virginia,Pulaski,1
Virginia,Roanoke,2
Virginia,Roanoke City,1
Virginia,Rockbridge,3
Virginia,Rockingham,5
Virginia,Russell,14
Virginia,Shenandoah,2
Virginia,Spotsylvania,2
Virginia,Stafford,2
Virginia,Sussex,5
Virginia,Tazewell,12
Virginia,Virginia Beach City,3
Virginia,Warren,2
Virginia,Washington,2
Virginia,Wise,50
Virginia,Wythe,6
Washington,Asotin,1
Washington,Benton,3
Washington,Chelan,6
Washington,Clallam,12
Washington,Clark,10
Washington,Columbia,1
Washington,Cowlitz,7
Washington,Douglas,5
Washington,Ferry,4
Washington,Franklin,4
Washington,Grant,10
Washington,Grays Harbor,9
Washington,Island,9
Washington,Jefferson,4
Washington,King,24
Washington,Kitsap,11
Washington,Kittitas,4
Washington,Klickitat,6
Washington,Lewis,12
Washington,Lincoln,3
Washington,Mason,10
Washington,Okanogan,11
Washington,Pacific,4
Washington,Pend Oreille,3
Washington,Pierce,16
Washington,San Juan,3
Washington,Skagit,9
Washington,Snohomish,25
Washington,Spokane,13
Washington,Stevens,12
Washington,Thurston,9
Washington,Wahkiakum,1
Washington,Walla Walla,1
Washington,Whatcom,17
Washington,Whitman,3
Washington,Yakima,11
West Virginia,Barbour,4
West Virginia,Berkeley,4
West Virginia,Boone,47
West Virginia,Clay,2
West Virginia,Fayette,19
West Virginia,Grant,7
West Virginia,Greenbrier,13
West Virginia,Harrison,4
West Virginia,Jefferson,1
West Virginia,Kanawha,41
West Virginia,Lincoln,2
West Virginia,Logan,34
West Virginia,Marion,7
West Virginia,Marshall,5
West Virginia,Mason,1
West Virginia,McDowell,59
West Virginia,Mercer,2
West Virginia,Mineral,4
West Virginia,Mingo,36
West Virginia,Monongalia,12
West Virginia,Morgan,1
West Virginia,Nicholas,12
West Virginia,Ohio,1
West Virginia,Pendleton,1
West Virginia,Pocahontas,1
West Virginia,Preston,3
West Virginia,Putnam,1
West Virginia,Raleigh,30
West Virginia,Randolph,6
West Virginia,Taylor,4
West Virginia,Tucker,4
West Virginia,Upshur,4
West Virginia,Wayne,13
West Virginia,Webster,7
West Virginia,Wood,1
West Virginia,Wyoming,22
Wisconsin,Barron,25
Wisconsin,Bayfield,6
Wisconsin,Brown,24
Wisconsin,Buffalo,1
Wisconsin,Burnett,6
Wisconsin,Calumet,9
Wisconsin,Chippewa,14
Wisconsin,Clark,9
Wisconsin,Columbia,2
Wisconsin,Crawford,6
Wisconsin,Dane,39
Wisconsin,Dodge,27
Wisconsin,Door,12
Wisconsin,Douglas,4
Wisconsin,Dunn,6
Wisconsin,Eau Claire,8
Wisconsin,Florence,1
Wisconsin,Fond du Lac,20
Wisconsin,Forest,4
Wisconsin,Grant,10
Wisconsin,Green,3
Wisconsin,Green Lake,8
Wisconsin,Iowa,3
Wisconsin,Iron,5
Wisconsin,Jackson,8
Wisconsin,Jefferson,4
Wisconsin,Kenosha,1
Wisconsin,Kewaunee,8
Wisconsin,La Crosse,32
Wisconsin,Lafayette,2
Wisconsin,Langlade,15
Wisconsin,Lincoln,9
Wisconsin,Manitowoc,20
Wisconsin,Marathon,25
Wisconsin,Marinette,13
Wisconsin,Milwaukee,3
Wisconsin,Monroe,12
Wisconsin,Oconto,12
Wisconsin,Oneida,8
Wisconsin,Outagamie,16
Wisconsin,Ozaukee,4
Wisconsin,Pepin,4
Wisconsin,Pierce,10
Wisconsin,Polk,9
Wisconsin,Portage,5
Wisconsin,Price,3
Wisconsin,Racine,9
Wisconsin,Richland,2
Wisconsin,Rock,12
Wisconsin,Rusk,6
Wisconsin,Sauk,18
Wisconsin,Sawyer,2
Wisconsin,Shawano,8
Wisconsin,Sheboygan,5
Wisconsin,St Croix,9
Wisconsin,Taylor,10
Wisconsin,Trempealeau,7
Wisconsin,Vernon,1
Wisconsin,Vilas,8
Wisconsin,Walworth,1
Wisconsin,Washburn,1
Wisconsin,Washington,9
Wisconsin,Waukesha,33
Wisconsin,Waupaca,11
Wisconsin,Waushara,3
Wisconsin,Winnebago,3
Wisconsin,Wood,8
Wyoming,Albany,3
Wyoming,Big Horn,18
Wyoming,Campbell,16
Wyoming,Carbon,6
Wyoming,Converse,9
Wyoming,Crook,13
Wyoming,Fremont,8
Wyoming,Goshen,2
Wyoming,Hot Springs,6
Wyoming,Johnson,9
Wyoming,Laramie,5
Wyoming,Lincoln,7
Wyoming,Natrona,19
Wyoming,Park,9
Wyoming,Platte,6
Wyoming,Sheridan,5
Wyoming,Sublette,9
Wyoming,Sweetwater,15
Wyoming,Teton,4
Wyoming,Uinta,7
Wyoming,Washakie,5
Wyoming,Weston,3
